{"cameraMode":{"drawMode":0,"name":"Shaded","section":"Shading Mode"},"sceneLighting":false,"audioPlay":false,"sceneViewState":{"showFog":true,"showMaterialUpdate":false,"showSkybox":false,"showFlares":true,"showImageEffects":true,"showParticleSystems":true,"showVisualEffectGraphs":true,"m_FxEnabled":true},"in2DMode":false,"pivot":{"x":-0.022128939628601075,"y":1.3852250576019288,"z":-3.0184082984924318},"rotation":{"x":-0.004499129485338926,"y":-0.019498564302921296,"z":-0.0000877441925695166,"w":0.9997996091842651},"size":2.0307228565216066,"orthographic":true}