{"cameraMode":{"drawMode":0,"name":"Shaded","section":"Shading Mode"},"sceneLighting":false,"audioPlay":false,"sceneViewState":{"showFog":true,"showMaterialUpdate":false,"showSkybox":false,"showFlares":true,"showImageEffects":true,"showParticleSystems":true,"showVisualEffectGraphs":true,"m_FxEnabled":true},"in2DMode":false,"pivot":{"x":0.06893801689147949,"y":0.02939438819885254,"z":-0.06678342819213867},"rotation":{"x":-0.005996727850288153,"y":0.03299354389309883,"z":0.0001980260421987623,"w":0.9994377493858337},"size":5.8345723152160648,"orthographic":true}