{"cameraMode":{"drawMode":0,"name":"Shaded","section":"Shading Mode"},"sceneLighting":false,"audioPlay":false,"sceneViewState":{"showFog":true,"showMaterialUpdate":false,"showSkybox":false,"showFlares":true,"showImageEffects":true,"showParticleSystems":true,"showVisualEffectGraphs":true,"m_FxEnabled":true},"in2DMode":false,"pivot":{"x":-0.10899734497070313,"y":2.0686168670654299,"z":0.13571739196777345},"rotation":{"x":8.371321691402756e-11,"y":-0.022498097270727159,"z":-1.0420325713411671e-10,"w":0.9997467994689941},"size":33.36166763305664,"orthographic":true}