{"cameraMode":{"drawMode":0,"name":"Shaded","section":"Shading Mode"},"sceneLighting":false,"audioPlay":false,"sceneViewState":{"showFog":true,"showMaterialUpdate":false,"showSkybox":false,"showFlares":true,"showImageEffects":true,"showParticleSystems":true,"showVisualEffectGraphs":true,"m_FxEnabled":true},"in2DMode":false,"pivot":{"x":0.25678539276123049,"y":0.9444530010223389,"z":0.23867076635360719},"rotation":{"x":-0.004499129485338926,"y":-0.019498564302921296,"z":-0.0000877441925695166,"w":0.9997996091842651},"size":1.9508137702941895,"orthographic":true}