{"cameraMode":{"drawMode":0,"name":"Shaded","section":"Shading Mode"},"sceneLighting":true,"audioPlay":false,"sceneViewState":{"showFog":true,"showMaterialUpdate":false,"showSkybox":true,"showFlares":true,"showImageEffects":true,"showParticleSystems":true,"showVisualEffectGraphs":true,"m_FxEnabled":true},"in2DMode":false,"pivot":{"x":-3.484405040740967,"y":-0.24586758017539979,"z":90.04280853271485},"rotation":{"x":0.017998965457081796,"y":-0.0029994617216289045,"z":0.00005388175122789107,"w":0.9998361468315125},"size":5.696072101593018,"orthographic":true}