{"cameraMode":{"drawMode":0,"name":"Shaded","section":"Shading Mode"},"sceneLighting":false,"audioPlay":false,"sceneViewState":{"showFog":true,"showMaterialUpdate":false,"showSkybox":false,"showFlares":true,"showImageEffects":true,"showParticleSystems":true,"showVisualEffectGraphs":true,"m_FxEnabled":true},"in2DMode":false,"pivot":{"x":0.06641435623168946,"y":1.9354212284088135,"z":-0.025346755981445314},"rotation":{"x":-0.005995776038616896,"y":0.037490662187337878,"z":0.00022500920749735087,"w":0.9992791414260864},"size":5.233669281005859,"orthographic":true}