{"cameraMode":{"drawMode":0,"name":"Shaded","section":"Shading Mode"},"sceneLighting":false,"audioPlay":false,"sceneViewState":{"showFog":true,"showMaterialUpdate":false,"showSkybox":false,"showFlares":true,"showImageEffects":true,"showParticleSystems":true,"showVisualEffectGraphs":true,"m_FxEnabled":true},"in2DMode":false,"pivot":{"x":0.05624675750732422,"y":1.6000001430511475,"z":0.05624675750732422},"rotation":{"x":0.011990589089691639,"y":0.03898729011416435,"z":-0.0004678699770011008,"w":0.9991676807403565},"size":2.91713285446167,"orthographic":true}