{"cameraMode":{"drawMode":0,"name":"Shaded","section":"Shading Mode"},"sceneLighting":true,"audioPlay":false,"sceneViewState":{"showFog":true,"showMaterialUpdate":false,"showSkybox":false,"showFlares":true,"showImageEffects":true,"showParticleSystems":true,"showVisualEffectGraphs":true,"m_FxEnabled":true},"in2DMode":false,"pivot":{"x":71.0999984741211,"y":-32.70000076293945,"z":1.5198345184326172},"rotation":{"x":-0.002999992109835148,"y":-0.0014999925624579192,"z":-0.000004499991518969182,"w":0.9999943375587463},"size":40.6860237121582,"orthographic":true}