{"cameraMode":{"drawMode":0,"name":"Shaded","section":"Shading Mode"},"sceneLighting":false,"audioPlay":false,"sceneViewState":{"showFog":true,"showMaterialUpdate":false,"showSkybox":false,"showFlares":true,"showImageEffects":true,"showParticleSystems":true,"showVisualEffectGraphs":true,"m_FxEnabled":true},"in2DMode":false,"pivot":{"x":3.5082807540893556,"y":3.1707382202148439,"z":0.058773040771484378},"rotation":{"x":-0.007792476564645767,"y":-0.06685097515583039,"z":0.0005209983792155981,"w":-0.9977359175682068},"size":11.405911445617676,"orthographic":false}