{"cameraMode":{"drawMode":0,"name":"Shaded","section":"Shading Mode"},"sceneLighting":false,"audioPlay":false,"sceneViewState":{"showFog":true,"showMaterialUpdate":false,"showSkybox":false,"showFlares":true,"showImageEffects":true,"showParticleSystems":true,"showVisualEffectGraphs":true,"m_FxEnabled":true},"in2DMode":false,"pivot":{"x":-0.13039946556091309,"y":2.1988816261291506,"z":0.1738753318786621},"rotation":{"x":0.5205491781234741,"y":0.0038421773351728918,"z":-0.0023424786049872638,"w":0.853820264339447},"size":3.102121591567993,"orthographic":true}