{"cameraMode":{"drawMode":0,"name":"Shaded","section":"Shading Mode"},"sceneLighting":false,"audioPlay":false,"sceneViewState":{"showFog":true,"showMaterialUpdate":false,"showSkybox":false,"showFlares":true,"showImageEffects":true,"showParticleSystems":true,"showVisualEffectGraphs":true,"m_FxEnabled":true},"in2DMode":false,"pivot":{"x":-0.006769776344299316,"y":1.0042526721954346,"z":0.004508316516876221},"rotation":{"x":0.5205491781234741,"y":0.0038421773351728918,"z":-0.0023424786049872638,"w":0.853820264339447},"size":1.4084409475326539,"orthographic":true}