{"cameraMode":{"drawMode":0,"name":"Shaded","section":"Shading Mode"},"sceneLighting":false,"audioPlay":false,"sceneViewState":{"showFog":true,"showMaterialUpdate":false,"showSkybox":false,"showFlares":true,"showImageEffects":true,"showParticleSystems":true,"showVisualEffectGraphs":true,"m_FxEnabled":true},"in2DMode":false,"pivot":{"x":0.018642425537109376,"y":1.4853081703186036,"z":1.7881393432617188e-7},"rotation":{"x":0.5205491781234741,"y":0.0038421773351728918,"z":-0.0023424786049872638,"w":0.853820264339447},"size":2.765800952911377,"orthographic":true}