{"cameraMode":{"drawMode":0,"name":"Shaded","section":"Shading Mode"},"sceneLighting":false,"audioPlay":false,"sceneViewState":{"showFog":true,"showMaterialUpdate":false,"showSkybox":false,"showFlares":true,"showImageEffects":true,"showParticleSystems":true,"showVisualEffectGraphs":true,"m_FxEnabled":true},"in2DMode":false,"pivot":{"x":-0.011813968420028687,"y":0.8763048648834229,"z":-0.031219959259033204},"rotation":{"x":-0.004499129485338926,"y":-0.019498564302921296,"z":-0.0000877441925695166,"w":0.9997996091842651},"size":1.1829054355621338,"orthographic":true}