{"cameraMode":{"drawMode":0,"name":"Shaded","section":"Shading Mode"},"sceneLighting":false,"audioPlay":false,"sceneViewState":{"showFog":true,"showMaterialUpdate":false,"showSkybox":false,"showFlares":true,"showImageEffects":true,"showParticleSystems":true,"showVisualEffectGraphs":true,"m_FxEnabled":true},"in2DMode":false,"pivot":{"x":0.24572372436523438,"y":1.079572319984436,"z":-0.12145423889160156},"rotation":{"x":0.5345072150230408,"y":-0.05947521701455116,"z":0.03774529695510864,"w":0.8422236442565918},"size":4.9344024658203129,"orthographic":true}