{"cameraMode":{"drawMode":0,"name":"Shaded","section":"Shading Mode"},"sceneLighting":false,"audioPlay":false,"sceneViewState":{"showFog":true,"showMaterialUpdate":false,"showSkybox":false,"showFlares":true,"showImageEffects":true,"showParticleSystems":true,"showVisualEffectGraphs":true,"m_FxEnabled":true},"in2DMode":false,"pivot":{"x":0.11037981510162354,"y":0.9248297214508057,"z":-0.6769077777862549},"rotation":{"x":-0.0059988233260810379,"y":-0.01949840970337391,"z":-0.0001169919123640284,"w":0.9997917413711548},"size":1.1980102062225342,"orthographic":true}